model,bill,seconds,cer,wer,token_f1,fields_correct,fields_total,items_found,items_total,items_predicted,error
easyocr,1.png,2.338,0.064,0.372,0.744,3,4,2,4,4,
easyocr,10.png,4.079,0.468,0.896,0.325,0,4,2,5,4,
easyocr,2.png,3.755,0.785,1.070,0.446,3,5,1,1,4,
easyocr,3.png,4.017,0.475,0.609,0.793,4,4,2,2,2,
easyocr,4.png,5.623,0.718,1.043,0.065,0,5,0,10,5,
easyocr,5.png,3.844,0.598,0.950,0.123,0,5,0,4,5,
easyocr,6.png,4.347,0.450,0.694,0.632,3,5,5,8,7,
easyocr,7.png,3.543,0.607,0.849,0.484,4,5,4,4,8,
easyocr,8.png,4.229,0.279,0.605,0.533,4,5,3,5,7,
easyocr,9.png,3.715,0.176,0.471,0.791,2,5,3,4,5,
easyocr_trocr,1.png,67.797,0.076,0.372,0.835,4,4,3,4,4,
easyocr_trocr,10.png,141.372,0.342,0.494,0.646,4,4,5,5,5,
easyocr_trocr,2.png,121.158,0.713,0.767,0.673,5,5,1,1,2,
easyocr_trocr,3.png,132.172,0.460,0.543,0.750,4,4,0,2,2,
easyocr_trocr,4.png,161.994,0.446,0.793,0.433,2,5,6,10,11,
easyocr_trocr,5.png,102.880,0.504,0.762,0.426,1,5,0,4,2,
easyocr_trocr,6.png,191.681,0.404,0.506,0.768,4,5,6,8,7,
easyocr_trocr,7.png,148.439,0.553,0.736,0.607,5,5,4,4,6,
easyocr_trocr,8.png,166.637,0.221,0.421,0.707,5,5,5,5,6,
easyocr_trocr,9.png,164.267,0.166,0.412,0.723,3,5,1,4,2,
paddleocr,1.png,31.729,0.044,0.256,1.000,4,4,4,4,4,
paddleocr,10.png,49.600,0.354,0.494,0.709,4,4,5,5,5,
paddleocr,2.png,35.828,0.599,0.628,0.708,4,5,1,1,2,
paddleocr,3.png,43.155,0.444,0.500,0.811,4,4,2,2,2,
paddleocr,4.png,50.211,0.352,0.652,0.573,5,5,10,10,10,
paddleocr,5.png,56.081,0.326,0.550,0.663,5,5,4,4,4,
paddleocr,6.png,59.503,0.335,0.435,0.755,5,5,6,8,7,
paddleocr,7.png,47.973,0.481,0.585,0.703,5,5,4,4,4,
paddleocr,8.png,52.612,0.228,0.474,0.715,5,5,5,5,6,
paddleocr,9.png,51.166,0.111,0.162,0.930,4,5,4,4,5,
tesseract,1.png,0.223,0.076,0.209,0.815,3,4,2,4,4,
tesseract,10.png,0.163,0.896,0.987,0.128,0,4,0,5,0,
tesseract,2.png,0.255,0.571,0.953,0.481,2,5,0,1,4,
tesseract,3.png,0.240,0.517,0.696,0.679,4,4,2,2,2,
tesseract,4.png,0.314,0.597,0.902,0.170,0,5,0,10,7,
tesseract,5.png,0.291,0.649,0.887,0.295,2,5,0,4,7,
tesseract,6.png,0.358,0.573,0.835,0.549,4,5,0,8,7,
tesseract,7.png,0.307,0.536,0.906,0.541,3,5,3,4,5,
tesseract,8.png,0.329,0.265,0.461,0.675,3,5,4,5,7,
tesseract,9.png,0.270,0.151,0.265,0.879,4,5,3,4,5,
